Textbox40,,,,,,,,,,,,,,,,,,,,,,,,,,,,,,,,,,,,,,,,,,,,,,,,,,,,,,,,,,,,,,,,,,,,
Colectia: CUMULATIVA ANCA,,,,,,,,,,,,,,,,,,,,,,,,,,,,,,,,,,,,,,,,,,,,,,,,,,,,,,,,,,,,,,,,,,,,
,,,,,,,,,,,,,,,,,,,,,,,,,,,,,,,,,,,,,,,,,,,,,,,,,,,,,,,,,,,,,,,,,,,,
Textbox2150,Name,DocumentCode,PartnerName,DocNumber,DocDate,RetailVatPercent,ValAm,ValVatAm,adaos,ValAchizitieFaraTVA,Name2,DocumentCode2,PartnerName2,DocNumber2,DocDate2,RetailVatPercent2,ValAmIesire,ValVatAmIesire,adaosIesire,ValAchizitieFaraTVAIesire,DocumentCode8,ValAm6,ValVatAm6,adaos6,ValAchizitieFaraTVA6,Textbox97,ValAmIesire6,ValVatAmIesire6,adaosIesire6,ValAchizitieFaraTVAIesire6,DocumentCode10,ValAm8,ValVatAm8,adaos8,ValAchizitieFaraTVA8,Textbox105,ValAmIesire8,ValVatAmIesire8,adaosIesire8,ValAchizitieFaraTVAIesire8,DocumentCode12,ValAm10,ValVatAm10,adaos10,ValAchizitieFaraTVA10,Textbox110,ValAmIesire10,ValVatAmIesire10,adaosIesire10,ValAchizitieFaraTVAIesire10,Textbox34,Textbox41,Textbox42,Textbox43,Textbox44,Textbox46,Textbox52,Textbox53,Textbox54,Textbox55,ValAm5,ValVatAm5,adaos5,ValAchizitieFaraTVA5,ValAmIesire5,ValVatAmIesire5,adaosIesire5,ValAchizitieFaraTVAIesire5
ANCAFARM1,ANCAFARM1,NT/Nr.4244 ,ANCAFARM2,4244,03.08.2026,11,0,0,0,0,ANCAFARM1,NT/Nr.4244 ,ANCAFARM2,4244,03.08.2026,11,96.04,9.52,20.99,65.53,Total NT/Nr.4244  intrare:,0,0,0,0,Total NT/Nr.4244  iesire:,1553.77,262.51,683.36,607.9,Total 03.08.2026 intrare:,0,0,0,0,Total 03.08.2026 iesire:,2732.61,459.09,971.1,1302.42,Total ANCAFARM1 intrare:,0,0,0,0,Total ANCAFARM1 iesire:,221119.29,31698.8,49436.28,139984.21,,,,,,,,,,,0,0,0,0,4228309.39,559775.09,1065917.67,2602616.63
ANCAFARM1,ANCAFARM1,NT/Nr.4244 ,ANCAFARM2,4244,03.08.2026,21,0,0,0,0,ANCAFARM1,NT/Nr.4244 ,ANCAFARM2,4244,03.08.2026,21,1457.73,252.99,662.37,542.37,Total NT/Nr.4244  intrare:,0,0,0,0,Total NT/Nr.4244  iesire:,1553.77,262.51,683.36,607.9,Total 03.08.2026 intrare:,0,0,0,0,Total 03.08.2026 iesire:,2732.61,459.09,971.1,1302.42,Total ANCAFARM1 intrare:,0,0,0,0,Total ANCAFARM1 iesire:,221119.29,31698.8,49436.28,139984.21,,,,,,,,,,,0,0,0,0,4228309.39,559775.09,1065917.67,2602616.63
ANCAFARM1,ANCAFARM1,NT/Nr.4245 ,ANCAFARM3,4245,03.08.2026,21,0,0,0,0,ANCAFARM1,NT/Nr.4245 ,ANCAFARM3,4245,03.08.2026,21,571.79,99.24,161.03,311.52,Total NT/Nr.4245  intrare:,0,0,0,0,Total NT/Nr.4245  iesire:,571.79,99.24,161.03,311.52,Total 03.08.2026 intrare:,0,0,0,0,Total 03.08.2026 iesire:,2732.61,459.09,971.1,1302.42,Total ANCAFARM1 intrare:,0,0,0,0,Total ANCAFARM1 iesire:,221119.29,31698.8,49436.28,139984.21,,,,,,,,,,,0,0,0,0,4228309.39,559775.09,1065917.67,2602616.63
ANCAFARM1,ANCAFARM1,NT/Nr.4246 ,ANCAFARM4,4246,03.08.2026,21,0,0,0,0,ANCAFARM1,NT/Nr.4246 ,ANCAFARM4,4246,03.08.2026,21,426.17,73.95,115.76,236.46,Total NT/Nr.4246  intrare:,0,0,0,0,Total NT/Nr.4246  iesire:,426.17,73.95,115.76,236.46,Total 03.08.2026 intrare:,0,0,0,0,Total 03.08.2026 iesire:,2732.61,459.09,971.1,1302.42,Total ANCAFARM1 intrare:,0,0,0,0,Total ANCAFARM1 iesire:,221119.29,31698.8,49436.28,139984.21,,,,,,,,,,,0,0,0,0,4228309.39,559775.09,1065917.67,2602616.63
ANCAFARM1,ANCAFARM1,NT/Nr.4247 ,ANCAFARM4,4247,03.08.2026,21,0,0,0,0,ANCAFARM1,NT/Nr.4247 ,ANCAFARM4,4247,03.08.2026,21,73.35,12.73,0.6,60.02,Total NT/Nr.4247  intrare:,0,0,0,0,Total NT/Nr.4247  iesire:,73.35,12.73,0.6,60.02,Total 03.08.2026 intrare:,0,0,0,0,Total 03.08.2026 iesire:,2732.61,459.09,971.1,1302.42,Total ANCAFARM1 intrare:,0,0,0,0,Total ANCAFARM1 iesire:,221119.29,31698.8,49436.28,139984.21,,,,,,,,,,,0,0,0,0,4228309.39,559775.09,1065917.67,2602616.63
ANCAFARM1,ANCAFARM1,NT/Nr.4248 ,ANCAFARM2,4248,03.08.2026,11,0,0,0,0,ANCAFARM1,NT/Nr.4248 ,ANCAFARM2,4248,03.08.2026,11,88.25,8.75,6.99,72.51,Total NT/Nr.4248  intrare:,0,0,0,0,Total NT/Nr.4248  iesire:,88.25,8.75,6.99,72.51,Total 03.08.2026 intrare:,0,0,0,0,Total 03.08.2026 iesire:,2732.61,459.09,971.1,1302.42,Total ANCAFARM1 intrare:,0,0,0,0,Total ANCAFARM1 iesire:,221119.29,31698.8,49436.28,139984.21,,,,,,,,,,,0,0,0,0,4228309.39,559775.09,1065917.67,2602616.63
ANCAFARM1,ANCAFARM1,NT/Nr.4249 ,ANCAFARM2,4249,03.08.2026,11,0,0,0,0,ANCAFARM1,NT/Nr.4249 ,ANCAFARM2,4249,03.08.2026,11,19.28,1.91,3.36,14.01,Total NT/Nr.4249  intrare:,0,0,0,0,Total NT/Nr.4249  iesire:,19.28,1.91,3.36,14.01,Total 03.08.2026 intrare:,0,0,0,0,Total 03.08.2026 iesire:,2732.61,459.09,971.1,1302.42,Total ANCAFARM1 intrare:,0,0,0,0,Total ANCAFARM1 iesire:,221119.29,31698.8,49436.28,139984.21,,,,,,,,,,,0,0,0,0,4228309.39,559775.09,1065917.67,2602616.63
ANCAFARM1,ANCAFARM1,NT/Nr.4250 ,ANCAFARM2,4250,04.08.2026,11,0,0,0,0,ANCAFARM1,NT/Nr.4250 ,ANCAFARM2,4250,04.08.2026,11,3919.42,388.43,831.32,2699.67,Total NT/Nr.4250  intrare:,0,0,0,0,Total NT/Nr.4250  iesire:,5128.87,598.34,1091.54,3438.99,Total 04.08.2026 intrare:,0,0,0,0,Total 04.08.2026 iesire:,12617.99,1476.32,2737.78,8403.89,Total ANCAFARM1 intrare:,0,0,0,0,Total ANCAFARM1 iesire:,221119.29,31698.8,49436.28,139984.21,,,,,,,,,,,0,0,0,0,4228309.39,559775.09,1065917.67,2602616.63
ANCAFARM1,ANCAFARM1,NT/Nr.4250 ,ANCAFARM2,4250,04.08.2026,21,0,0,0,0,ANCAFARM1,NT/Nr.4250 ,ANCAFARM2,4250,04.08.2026,21,1209.45,209.91,260.22,739.32,Total NT/Nr.4250  intrare:,0,0,0,0,Total NT/Nr.4250  iesire:,5128.87,598.34,1091.54,3438.99,Total 04.08.2026 intrare:,0,0,0,0,Total 04.08.2026 iesire:,12617.99,1476.32,2737.78,8403.89,Total ANCAFARM1 intrare:,0,0,0,0,Total ANCAFARM1 iesire:,221119.29,31698.8,49436.28,139984.21,,,,,,,,,,,0,0,0,0,4228309.39,559775.09,1065917.67,2602616.63
ANCAFARM2,ANCAFARM2,NT/Nr.2984 ,ANCAFARM1,2984,14.08.2026,11,0,0,0,0,ANCAFARM2,NT/Nr.2984 ,ANCAFARM1,2984,14.08.2026,11,157.45,15.6,35.47,106.38,Total NT/Nr.2984  intrare:,0,0,0,0,Total NT/Nr.2984  iesire:,322.56,44.26,60.82,217.48,Total 14.08.2026 intrare:,0,0,0,0,Total 14.08.2026 iesire:,3779.36,495.45,414.52,2869.39,Total ANCAFARM2 intrare:,0,0,0,0,Total ANCAFARM2 iesire:,120669.27,14977.01,18379.35,87312.91,,,,,,,,,,,0,0,0,0,4228309.39,559775.09,1065917.67,2602616.63
ANCAFARM2,ANCAFARM2,NT/Nr.2984 ,ANCAFARM1,2984,14.08.2026,21,0,0,0,0,ANCAFARM2,NT/Nr.2984 ,ANCAFARM1,2984,14.08.2026,21,165.11,28.66,25.35,111.1,Total NT/Nr.2984  intrare:,0,0,0,0,Total NT/Nr.2984  iesire:,322.56,44.26,60.82,217.48,Total 14.08.2026 intrare:,0,0,0,0,Total 14.08.2026 iesire:,3779.36,495.45,414.52,2869.39,Total ANCAFARM2 intrare:,0,0,0,0,Total ANCAFARM2 iesire:,120669.27,14977.01,18379.35,87312.91,,,,,,,,,,,0,0,0,0,4228309.39,559775.09,1065917.67,2602616.63
ANCAFARM2,ANCAFARM2,NT/Nr.2985 ,ANCAFARM3,2985,14.08.2026,11,0,0,0,0,ANCAFARM2,NT/Nr.2985 ,ANCAFARM3,2985,14.08.2026,11,769.25,76.23,93.54,599.48,Total NT/Nr.2985  intrare:,0,0,0,0,Total NT/Nr.2985  iesire:,1331.17,173.77,195.8,961.6,Total 14.08.2026 intrare:,0,0,0,0,Total 14.08.2026 iesire:,3779.36,495.45,414.52,2869.39,Total ANCAFARM2 intrare:,0,0,0,0,Total ANCAFARM2 iesire:,120669.27,14977.01,18379.35,87312.91,,,,,,,,,,,0,0,0,0,4228309.39,559775.09,1065917.67,2602616.63
ANCAFARM2,ANCAFARM2,NT/Nr.2985 ,ANCAFARM3,2985,14.08.2026,21,0,0,0,0,ANCAFARM2,NT/Nr.2985 ,ANCAFARM3,2985,14.08.2026,21,561.92,97.54,102.26,362.12,Total NT/Nr.2985  intrare:,0,0,0,0,Total NT/Nr.2985  iesire:,1331.17,173.77,195.8,961.6,Total 14.08.2026 intrare:,0,0,0,0,Total 14.08.2026 iesire:,3779.36,495.45,414.52,2869.39,Total ANCAFARM2 intrare:,0,0,0,0,Total ANCAFARM2 iesire:,120669.27,14977.01,18379.35,87312.91,,,,,,,,,,,0,0,0,0,4228309.39,559775.09,1065917.67,2602616.63
ANCAFARM2,ANCAFARM2,NT/Nr.2986 ,ANCAFARM4,2986,14.08.2026,11,0,0,0,0,ANCAFARM2,NT/Nr.2986 ,ANCAFARM4,2986,14.08.2026,11,114.96,11.39,23.29,80.28,Total NT/Nr.2986  intrare:,0,0,0,0,Total NT/Nr.2986  iesire:,188.31,24.12,23.89,140.3,Total 14.08.2026 intrare:,0,0,0,0,Total 14.08.2026 iesire:,3779.36,495.45,414.52,2869.39,Total ANCAFARM2 intrare:,0,0,0,0,Total ANCAFARM2 iesire:,120669.27,14977.01,18379.35,87312.91,,,,,,,,,,,0,0,0,0,4228309.39,559775.09,1065917.67,2602616.63
ANCAFARM2,ANCAFARM2,NT/Nr.2986 ,ANCAFARM4,2986,14.08.2026,21,0,0,0,0,ANCAFARM2,NT/Nr.2986 ,ANCAFARM4,2986,14.08.2026,21,73.35,12.73,0.6,60.02,Total NT/Nr.2986  intrare:,0,0,0,0,Total NT/Nr.2986  iesire:,188.31,24.12,23.89,140.3,Total 14.08.2026 intrare:,0,0,0,0,Total 14.08.2026 iesire:,3779.36,495.45,414.52,2869.39,Total ANCAFARM2 intrare:,0,0,0,0,Total ANCAFARM2 iesire:,120669.27,14977.01,18379.35,87312.91,,,,,,,,,,,0,0,0,0,4228309.39,559775.09,1065917.67,2602616.63
ANCAFARM2,ANCAFARM2,NT/Nr.2987 ,ANCAFARM1,2987,14.08.2026,21,0,0,0,0,ANCAFARM2,NT/Nr.2987 ,ANCAFARM1,2987,14.08.2026,21,688.5,119.49,-16.84,585.85,Total NT/Nr.2987  intrare:,0,0,0,0,Total NT/Nr.2987  iesire:,688.5,119.49,-16.84,585.85,Total 14.08.2026 intrare:,0,0,0,0,Total 14.08.2026 iesire:,3779.36,495.45,414.52,2869.39,Total ANCAFARM2 intrare:,0,0,0,0,Total ANCAFARM2 iesire:,120669.27,14977.01,18379.35,87312.91,,,,,,,,,,,0,0,0,0,4228309.39,559775.09,1065917.67,2602616.63
ANCAFARM2,ANCAFARM2,NT/Nr.2988 ,ANCAFARM3,2988,14.08.2026,21,0,0,0,0,ANCAFARM2,NT/Nr.2988 ,ANCAFARM3,2988,14.08.2026,21,135,23.43,62.57,49,Total NT/Nr.2988  intrare:,0,0,0,0,Total NT/Nr.2988  iesire:,135,23.43,62.57,49,Total 14.08.2026 intrare:,0,0,0,0,Total 14.08.2026 iesire:,3779.36,495.45,414.52,2869.39,Total ANCAFARM2 intrare:,0,0,0,0,Total ANCAFARM2 iesire:,120669.27,14977.01,18379.35,87312.91,,,,,,,,,,,0,0,0,0,4228309.39,559775.09,1065917.67,2602616.63
ANCAFARM2,ANCAFARM2,NT/Nr.2989 ,ANCAFARM3,2989,14.08.2026,11,0,0,0,0,ANCAFARM2,NT/Nr.2989 ,ANCAFARM3,2989,14.08.2026,11,55.83,5.53,11.87,38.43,Total NT/Nr.2989  intrare:,0,0,0,0,Total NT/Nr.2989  iesire:,55.83,5.53,11.87,38.43,Total 14.08.2026 intrare:,0,0,0,0,Total 14.08.2026 iesire:,3779.36,495.45,414.52,2869.39,Total ANCAFARM2 intrare:,0,0,0,0,Total ANCAFARM2 iesire:,120669.27,14977.01,18379.35,87312.91,,,,,,,,,,,0,0,0,0,4228309.39,559775.09,1065917.67,2602616.63
ANCAFARM2,ANCAFARM2,NT/Nr.2990 ,ANCAFARM3,2990,15.08.2026,11,0,0,0,0,ANCAFARM2,NT/Nr.2990 ,ANCAFARM3,2990,15.08.2026,11,193.91,19.22,22.46,152.23,Total NT/Nr.2990  intrare:,0,0,0,0,Total NT/Nr.2990  iesire:,193.91,19.22,22.46,152.23,Total 15.08.2026 intrare:,0,0,0,0,Total 15.08.2026 iesire:,193.91,19.22,22.46,152.23,Total ANCAFARM2 intrare:,0,0,0,0,Total ANCAFARM2 iesire:,120669.27,14977.01,18379.35,87312.91,,,,,,,,,,,0,0,0,0,4228309.39,559775.09,1065917.67,2602616.63
ANCAFARM2,ANCAFARM2,NT/Nr.2991 ,ANCAFARM1,2991,17.08.2026,21,0,0,0,0,ANCAFARM2,NT/Nr.2991 ,ANCAFARM1,2991,17.08.2026,21,624.83,108.45,111.98,404.4,Total NT/Nr.2991  intrare:,0,0,0,0,Total NT/Nr.2991  iesire:,2786.86,322.69,503.73,1960.44,Total 17.08.2026 intrare:,0,0,0,0,Total 17.08.2026 iesire:,9831.35,1148.47,1121.98,7560.9,Total ANCAFARM2 intrare:,0,0,0,0,Total ANCAFARM2 iesire:,120669.27,14977.01,18379.35,87312.91,,,,,,,,,,,0,0,0,0,4228309.39,559775.09,1065917.67,2602616.63
ANCAFARM2,ANCAFARM2,NT/Nr.2991 ,ANCAFARM1,2991,17.08.2026,11,0,0,0,0,ANCAFARM2,NT/Nr.2991 ,ANCAFARM1,2991,17.08.2026,11,2162.03,214.24,391.75,1556.04,Total NT/Nr.2991  intrare:,0,0,0,0,Total NT/Nr.2991  iesire:,2786.86,322.69,503.73,1960.44,Total 17.08.2026 intrare:,0,0,0,0,Total 17.08.2026 iesire:,9831.35,1148.47,1121.98,7560.9,Total ANCAFARM2 intrare:,0,0,0,0,Total ANCAFARM2 iesire:,120669.27,14977.01,18379.35,87312.91,,,,,,,,,,,0,0,0,0,4228309.39,559775.09,1065917.67,2602616.63
ANCAFARM2,ANCAFARM2,NT/Nr.2992 ,ANCAFARM3,2992,17.08.2026,21,0,0,0,0,ANCAFARM2,NT/Nr.2992 ,ANCAFARM3,2992,17.08.2026,21,390.4,67.76,70.29,252.35,Total NT/Nr.2992  intrare:,0,0,0,0,Total NT/Nr.2992  iesire:,390.4,67.76,70.29,252.35,Total 17.08.2026 intrare:,0,0,0,0,Total 17.08.2026 iesire:,9831.35,1148.47,1121.98,7560.9,Total ANCAFARM2 intrare:,0,0,0,0,Total ANCAFARM2 iesire:,120669.27,14977.01,18379.35,87312.91,,,,,,,,,,,0,0,0,0,4228309.39,559775.09,1065917.67,2602616.63
ANCAFARM2,ANCAFARM2,NT/Nr.2993 ,ANCAFARM4,2993,17.08.2026,21,0,0,0,0,ANCAFARM2,NT/Nr.2993 ,ANCAFARM4,2993,17.08.2026,21,368.53,63.96,72.81,231.76,Total NT/Nr.2993  intrare:,0,0,0,0,Total NT/Nr.2993  iesire:,1985.76,224.23,397.25,1364.28,Total 17.08.2026 intrare:,0,0,0,0,Total 17.08.2026 iesire:,9831.35,1148.47,1121.98,7560.9,Total ANCAFARM2 intrare:,0,0,0,0,Total ANCAFARM2 iesire:,120669.27,14977.01,18379.35,87312.91,,,,,,,,,,,0,0,0,0,4228309.39,559775.09,1065917.67,2602616.63
ANCAFARM2,ANCAFARM2,NT/Nr.2993 ,ANCAFARM4,2993,17.08.2026,11,0,0,0,0,ANCAFARM2,NT/Nr.2993 ,ANCAFARM4,2993,17.08.2026,11,1617.23,160.27,324.44,1132.52,Total NT/Nr.2993  intrare:,0,0,0,0,Total NT/Nr.2993  iesire:,1985.76,224.23,397.25,1364.28,Total 17.08.2026 intrare:,0,0,0,0,Total 17.08.2026 iesire:,9831.35,1148.47,1121.98,7560.9,Total ANCAFARM2 intrare:,0,0,0,0,Total ANCAFARM2 iesire:,120669.27,14977.01,18379.35,87312.91,,,,,,,,,,,0,0,0,0,4228309.39,559775.09,1065917.67,2602616.63
ANCAFARM2,ANCAFARM2,NT/Nr.2994 ,ANCAFARM1,2994,17.08.2026,11,0,0,0,0,ANCAFARM2,NT/Nr.2994 ,ANCAFARM1,2994,17.08.2026,11,3617.86,358.53,114.47,3144.86,Total NT/Nr.2994  intrare:,0,0,0,0,Total NT/Nr.2994  iesire:,3617.86,358.53,114.47,3144.86,Total 17.08.2026 intrare:,0,0,0,0,Total 17.08.2026 iesire:,9831.35,1148.47,1121.98,7560.9,Total ANCAFARM2 intrare:,0,0,0,0,Total ANCAFARM2 iesire:,120669.27,14977.01,18379.35,87312.91,,,,,,,,,,,0,0,0,0,4228309.39,559775.09,1065917.67,2602616.63
ANCAFARM2,ANCAFARM2,NT/Nr.2995 ,DEPOZIT ANCA1,2995,17.08.2026,21,0,0,0,0,ANCAFARM2,NT/Nr.2995 ,DEPOZIT ANCA1,2995,17.08.2026,21,844.06,146.51,-0.07,697.62,Total NT/Nr.2995  intrare:,0,0,0,0,Total NT/Nr.2995  iesire:,844.06,146.51,-0.07,697.62,Total 17.08.2026 intrare:,0,0,0,0,Total 17.08.2026 iesire:,9831.35,1148.47,1121.98,7560.9,Total ANCAFARM2 intrare:,0,0,0,0,Total ANCAFARM2 iesire:,120669.27,14977.01,18379.35,87312.91,,,,,,,,,,,0,0,0,0,4228309.39,559775.09,1065917.67,2602616.63
ANCAFARM2,ANCAFARM2,NT/Nr.2996 ,ANCAFARM3,2996,17.08.2026,21,0,0,0,0,ANCAFARM2,NT/Nr.2996 ,ANCAFARM3,2996,17.08.2026,21,111.6,19.36,10.46,81.78,Total NT/Nr.2996  intrare:,0,0,0,0,Total NT/Nr.2996  iesire:,111.6,19.36,10.46,81.78,Total 17.08.2026 intrare:,0,0,0,0,Total 17.08.2026 iesire:,9831.35,1148.47,1121.98,7560.9,Total ANCAFARM2 intrare:,0,0,0,0,Total ANCAFARM2 iesire:,120669.27,14977.01,18379.35,87312.91,,,,,,,,,,,0,0,0,0,4228309.39,559775.09,1065917.67,2602616.63
ANCAFARM2,ANCAFARM2,NT/Nr.2997 ,ANCAFARM1,2997,17.08.2026,11,0,0,0,0,ANCAFARM2,NT/Nr.2997 ,ANCAFARM1,2997,17.08.2026,11,77.22,7.65,22.27,47.3,Total NT/Nr.2997  intrare:,0,0,0,0,Total NT/Nr.2997  iesire:,77.22,7.65,22.27,47.3,Total 17.08.2026 intrare:,0,0,0,0,Total 17.08.2026 iesire:,9831.35,1148.47,1121.98,7560.9,Total ANCAFARM2 intrare:,0,0,0,0,Total ANCAFARM2 iesire:,120669.27,14977.01,18379.35,87312.91,,,,,,,,,,,0,0,0,0,4228309.39,559775.09,1065917.67,2602616.63
ANCAFARM2,ANCAFARM2,NT/Nr.2998 ,ANCAFARM4,2998,17.08.2026,11,0,0,0,0,ANCAFARM2,NT/Nr.2998 ,ANCAFARM4,2998,17.08.2026,11,17.59,1.74,3.58,12.27,Total NT/Nr.2998  intrare:,0,0,0,0,Total NT/Nr.2998  iesire:,17.59,1.74,3.58,12.27,Total 17.08.2026 intrare:,0,0,0,0,Total 17.08.2026 iesire:,9831.35,1148.47,1121.98,7560.9,Total ANCAFARM2 intrare:,0,0,0,0,Total ANCAFARM2 iesire:,120669.27,14977.01,18379.35,87312.91,,,,,,,,,,,0,0,0,0,4228309.39,559775.09,1065917.67,2602616.63
LABORATOR,LABORATOR,NT/Nr.1910 ,ANCAFARM3,1910,19.08.2026,21,0,0,0,0,LABORATOR,NT/Nr.1910 ,ANCAFARM3,1910,19.08.2026,21,18963,3291.13,7683.15,7988.72,Total NT/Nr.1910  intrare:,0,0,0,0,Total NT/Nr.1910  iesire:,18963,3291.13,7683.15,7988.72,Total 19.08.2026 intrare:,0,0,0,0,Total 19.08.2026 iesire:,108543.7,18838.22,46768.69,42936.79,Total LABORATOR intrare:,0,0,0,0,Total LABORATOR iesire:,500721.45,86902.23,230449.37,183369.85,,,,,,,,,,,0,0,0,0,4228309.39,559775.09,1065917.67,2602616.63
LABORATOR,LABORATOR,NT/Nr.1911 ,ANCAFARM4,1911,19.08.2026,21,0,0,0,0,LABORATOR,NT/Nr.1911 ,ANCAFARM4,1911,19.08.2026,21,24684.3,4284.09,10615.92,9784.29,Total NT/Nr.1911  intrare:,0,0,0,0,Total NT/Nr.1911  iesire:,24684.3,4284.09,10615.92,9784.29,Total 19.08.2026 intrare:,0,0,0,0,Total 19.08.2026 iesire:,108543.7,18838.22,46768.69,42936.79,Total LABORATOR intrare:,0,0,0,0,Total LABORATOR iesire:,500721.45,86902.23,230449.37,183369.85,,,,,,,,,,,0,0,0,0,4228309.39,559775.09,1065917.67,2602616.63
LABORATOR,LABORATOR,NT/Nr.1912 ,ANCAFARM1,1912,19.08.2026,21,0,0,0,0,LABORATOR,NT/Nr.1912 ,ANCAFARM1,1912,19.08.2026,21,29449.1,5110.99,12810.48,11527.63,Total NT/Nr.1912  intrare:,0,0,0,0,Total NT/Nr.1912  iesire:,29449.1,5110.99,12810.48,11527.63,Total 19.08.2026 intrare:,0,0,0,0,Total 19.08.2026 iesire:,108543.7,18838.22,46768.69,42936.79,Total LABORATOR intrare:,0,0,0,0,Total LABORATOR iesire:,500721.45,86902.23,230449.37,183369.85,,,,,,,,,,,0,0,0,0,4228309.39,559775.09,1065917.67,2602616.63
LABORATOR,LABORATOR,NT/Nr.1913 ,ANCAFARM1,1913,19.08.2026,21,0,0,0,0,LABORATOR,NT/Nr.1913 ,ANCAFARM1,1913,19.08.2026,21,750,130.17,276.43,343.4,Total NT/Nr.1913  intrare:,0,0,0,0,Total NT/Nr.1913  iesire:,750,130.17,276.43,343.4,Total 19.08.2026 intrare:,0,0,0,0,Total 19.08.2026 iesire:,108543.7,18838.22,46768.69,42936.79,Total LABORATOR intrare:,0,0,0,0,Total LABORATOR iesire:,500721.45,86902.23,230449.37,183369.85,,,,,,,,,,,0,0,0,0,4228309.39,559775.09,1065917.67,2602616.63
LABORATOR,LABORATOR,NT/Nr.1917 ,ANCAFARM2,1917,21.08.2026,21,0,0,0,0,LABORATOR,NT/Nr.1917 ,ANCAFARM2,1917,21.08.2026,21,24907.2,4322.77,10642.91,9941.52,Total NT/Nr.1917  intrare:,0,0,0,0,Total NT/Nr.1917  iesire:,24907.2,4322.77,10642.91,9941.52,Total 21.08.2026 intrare:,0,0,0,0,Total 21.08.2026 iesire:,78115.9,13557.36,33563.18,30995.36,Total LABORATOR intrare:,0,0,0,0,Total LABORATOR iesire:,500721.45,86902.23,230449.37,183369.85,,,,,,,,,,,0,0,0,0,4228309.39,559775.09,1065917.67,2602616.63
LABORATOR,LABORATOR,NT/Nr.1918 ,ANCAFARM3,1918,21.08.2026,21,0,0,0,0,LABORATOR,NT/Nr.1918 ,ANCAFARM3,1918,21.08.2026,21,15135.4,2626.8,6761.05,5747.55,Total NT/Nr.1918  intrare:,0,0,0,0,Total NT/Nr.1918  iesire:,15135.4,2626.8,6761.05,5747.55,Total 21.08.2026 intrare:,0,0,0,0,Total 21.08.2026 iesire:,78115.9,13557.36,33563.18,30995.36,Total LABORATOR intrare:,0,0,0,0,Total LABORATOR iesire:,500721.45,86902.23,230449.37,183369.85,,,,,,,,,,,0,0,0,0,4228309.39,559775.09,1065917.67,2602616.63
LABORATOR,LABORATOR,NT/Nr.1919 ,ANCAFARM4,1919,21.08.2026,21,0,0,0,0,LABORATOR,NT/Nr.1919 ,ANCAFARM4,1919,21.08.2026,21,17411.4,3021.82,7403.94,6985.64,Total NT/Nr.1919  intrare:,0,0,0,0,Total NT/Nr.1919  iesire:,17411.4,3021.82,7403.94,6985.64,Total 21.08.2026 intrare:,0,0,0,0,Total 21.08.2026 iesire:,78115.9,13557.36,33563.18,30995.36,Total LABORATOR intrare:,0,0,0,0,Total LABORATOR iesire:,500721.45,86902.23,230449.37,183369.85,,,,,,,,,,,0,0,0,0,4228309.39,559775.09,1065917.67,2602616.63
LABORATOR,LABORATOR,NT/Nr.1920 ,ANCAFARM1,1920,21.08.2026,21,0,0,0,0,LABORATOR,NT/Nr.1920 ,ANCAFARM1,1920,21.08.2026,21,20661.9,3585.97,8755.28,8320.65,Total NT/Nr.1920  intrare:,0,0,0,0,Total NT/Nr.1920  iesire:,20661.9,3585.97,8755.28,8320.65,Total 21.08.2026 intrare:,0,0,0,0,Total 21.08.2026 iesire:,78115.9,13557.36,33563.18,30995.36,Total LABORATOR intrare:,0,0,0,0,Total LABORATOR iesire:,500721.45,86902.23,230449.37,183369.85,,,,,,,,,,,0,0,0,0,4228309.39,559775.09,1065917.67,2602616.63
,,,,,,,,,,,,,,,,,,,,,,,,,,,,,,,,,,,,,,,,,,,,,,,,,,,Total IntrareTva 0.00:,0,0,0,0,Total Iesire Tva 0.00:,1964.98,0,714.18,1250.8,0,0,0,0,4228309.39,559775.09,1065917.67,2602616.63
,,,,,,,,,,,,,,,,,,,,,,,,,,,,,,,,,,,,,,,,,,,,,,,,,,,Total IntrareTva 11.00:,0,0,0,0,Total Iesire Tva 11.00:,2333283.22,231226.29,457694.18,1644362.75,0,0,0,0,4228309.39,559775.09,1065917.67,2602616.63
,,,,,,,,,,,,,,,,,,,,,,,,,,,,,,,,,,,,,,,,,,,,,,,,,,,Total IntrareTva 21.00:,0,0,0,0,Total Iesire Tva 21.00:,1893061.19,328548.8,607509.31,957003.08,0,0,0,0,4228309.39,559775.09,1065917.67,2602616.63
